,centroid,end_sample,file_name,freesound_id,id,loudness,mfcc_0,mfcc_1,mfcc_10,mfcc_11,mfcc_12,mfcc_2,mfcc_3,mfcc_4,mfcc_5,mfcc_6,mfcc_7,mfcc_8,mfcc_9,path,start_sample
0,0.1339031308889389,512,262350__stereo-surgeon__grinder-drum-loop.wav,,None_f0,0.043696001172065735,-462.9888916015625,151.8488006591797,-6.274486541748047,-6.741371154785156,-9.016410827636719,35.13225173950195,28.709659576416016,12.384864807128906,9.945878982543945,2.9706993103027344,2.3262901306152344,-1.6588420867919922,-3.532672882080078,Input/262350__stereo-surgeon__grinder-drum-loop.wav,0
1,0.045080676674842834,13824,262350__stereo-surgeon__grinder-drum-loop.wav,,None_f1,0.008082319982349873,-923.76708984375,183.35971069335938,21.575122833251953,5.503807067871094,-3.2930526733398438,44.634830474853516,26.432987213134766,16.550704956054688,11.35888671875,18.392581939697266,20.120088577270508,11.700023651123047,13.936689376831055,Input/262350__stereo-surgeon__grinder-drum-loop.wav,512
2,0.10942306369543076,20480,262350__stereo-surgeon__grinder-drum-loop.wav,,None_f2,0.00891746487468481,-682.526611328125,161.8028564453125,8.372783660888672,11.537355422973633,-6.771997451782227,-3.4153175354003906,2.558635711669922,3.9829788208007812,21.158159255981445,-1.3248939514160156,7.155771255493164,19.634624481201172,-2.1957645416259766,Input/262350__stereo-surgeon__grinder-drum-loop.wav,13824
3,0.03361076861619949,27648,262350__stereo-surgeon__grinder-drum-loop.wav,,None_f3,0.016836004331707954,-856.2925415039062,209.83030700683594,9.515365600585938,12.890434265136719,11.587966918945312,45.6324348449707,21.01095962524414,22.240203857421875,21.243980407714844,10.624492645263672,14.78872299194336,14.721405029296875,17.76581573486328,Input/262350__stereo-surgeon__grinder-drum-loop.wav,20480
4,0.06012346222996712,34304,262350__stereo-surgeon__grinder-drum-loop.wav,,None_f4,0.009520860388875008,-748.1207275390625,185.77493286132812,10.648284912109375,5.969841003417969,5.469974517822266,6.673866271972656,-11.002490997314453,11.44277572631836,28.49344825744629,3.0606536865234375,12.48370361328125,4.201297760009766,22.005033493041992,Input/262350__stereo-surgeon__grinder-drum-loop.wav,27648
5,0.11122933030128479,40960,262350__stereo-surgeon__grinder-drum-loop.wav,,None_f5,0.009263982065021992,-673.7607421875,158.922119140625,4.753702163696289,8.884037017822266,-11.793773651123047,4.081790924072266,15.485275268554688,8.179584503173828,19.097394943237305,-4.057462692260742,1.4214496612548828,13.079395294189453,-4.949258804321289,Input/262350__stereo-surgeon__grinder-drum-loop.wav,34304
6,0.01748078502714634,54272,262350__stereo-surgeon__grinder-drum-loop.wav,,None_f6,0.008496513590216637,-997.5725708007812,157.7462158203125,16.440898895263672,13.841850280761719,11.501045227050781,77.37786865234375,27.71475601196289,20.839492797851562,25.805007934570312,23.619647979736328,16.7254581451416,12.499210357666016,14.10649299621582,Input/262350__stereo-surgeon__grinder-drum-loop.wav,40960
7,0.04664137586951256,60928,262350__stereo-surgeon__grinder-drum-loop.wav,,None_f7,0.008359323255717754,-783.741943359375,242.516357421875,17.811359405517578,11.314300537109375,6.442680358886719,-27.844799041748047,-12.94478988647461,12.448287963867188,12.572189331054688,2.222370147705078,6.569129943847656,14.710033416748047,12.834756851196289,Input/262350__stereo-surgeon__grinder-drum-loop.wav,54272
8,0.028355158865451813,68096,262350__stereo-surgeon__grinder-drum-loop.wav,,None_f8,0.016973763704299927,-855.7800903320312,216.24249267578125,17.213375091552734,21.324180603027344,6.643272399902344,48.53837966918945,22.857227325439453,22.612884521484375,14.819927215576172,12.347915649414062,24.034015655517578,9.59991455078125,10.560808181762695,Input/262350__stereo-surgeon__grinder-drum-loop.wav,60928
9,0.07037459313869476,74752,262350__stereo-surgeon__grinder-drum-loop.wav,,None_f9,0.009538860060274601,-772.3114624023438,203.49281311035156,10.384536743164062,14.577804565429688,9.87640380859375,-3.852436065673828,-12.697860717773438,11.31784439086914,20.398067474365234,8.48043441772461,11.78553581237793,12.105804443359375,8.249588012695312,Input/262350__stereo-surgeon__grinder-drum-loop.wav,68096
10,0.047195058315992355,81408,262350__stereo-surgeon__grinder-drum-loop.wav,,None_f10,0.008286328986287117,-778.2800903320312,242.36366271972656,19.666797637939453,11.434364318847656,11.961402893066406,-30.92904281616211,-22.242942810058594,13.432872772216797,11.441089630126953,1.8983955383300781,4.499164581298828,12.247318267822266,11.599931716918945,Input/262350__stereo-surgeon__grinder-drum-loop.wav,74752
11,0.03739595785737038,95232,262350__stereo-surgeon__grinder-drum-loop.wav,,None_f11,0.009073974564671516,-942.1339111328125,175.70578002929688,15.713367462158203,15.480958938598633,2.3738937377929688,40.51706314086914,29.062458038330078,43.09305191040039,15.764854431152344,5.481754302978516,24.51560401916504,20.947917938232422,7.59324836730957,Input/262350__stereo-surgeon__grinder-drum-loop.wav,81408
12,0.11472520232200623,101888,262350__stereo-surgeon__grinder-drum-loop.wav,,None_f12,0.00866850558668375,-687.2106323242188,155.04074096679688,8.026010513305664,14.346750259399414,-4.224132537841797,-4.858236312866211,8.175638198852539,7.935924530029297,21.509187698364258,-2.3121185302734375,3.1993064880371094,20.100372314453125,1.4185905456542969,Input/262350__stereo-surgeon__grinder-drum-loop.wav,95232
13,0.03215348348021507,109056,262350__stereo-surgeon__grinder-drum-loop.wav,,None_f13,0.01710474118590355,-859.9442138671875,211.52981567382812,13.203975677490234,14.714286804199219,7.813106536865234,49.77644729614258,21.146587371826172,17.887542724609375,18.82110595703125,16.459213256835938,17.965662002563477,10.49160385131836,15.466279983520508,Input/262350__stereo-surgeon__grinder-drum-loop.wav,101888
14,0.05827096849679947,115712,262350__stereo-surgeon__grinder-drum-loop.wav,,None_f14,0.009253760799765587,-757.33642578125,201.04637145996094,11.735641479492188,-0.5716972351074219,-5.296924591064453,-10.164276123046875,-1.8097953796386719,18.432117462158203,20.264352798461914,7.240348815917969,10.977352142333984,7.556865692138672,20.53278350830078,Input/262350__stereo-surgeon__grinder-drum-loop.wav,109056
15,0.10943152755498886,122368,262350__stereo-surgeon__grinder-drum-loop.wav,,None_f15,0.00941301230341196,-670.423095703125,161.23489379882812,4.144802093505859,7.258707046508789,-8.981781005859375,1.2547111511230469,12.067476272583008,6.5179443359375,18.502918243408203,0.6417007446289062,5.212406158447266,14.459192276000977,-8.339601516723633,Input/262350__stereo-surgeon__grinder-drum-loop.wav,115712
16,0.02713969349861145,135680,262350__stereo-surgeon__grinder-drum-loop.wav,,None_f16,0.008573469705879688,-997.399169921875,153.12918090820312,16.910564422607422,16.54422950744629,13.417476654052734,75.79034423828125,38.2637825012207,23.534927368164062,14.067840576171875,21.360980987548828,26.004053115844727,13.204700469970703,8.651590347290039,Input/262350__stereo-surgeon__grinder-drum-loop.wav,122368
17,0.049360379576683044,142336,262350__stereo-surgeon__grinder-drum-loop.wav,,None_f17,0.008068128488957882,-778.7190551757812,232.67953491210938,16.631248474121094,9.68014907836914,4.2764434814453125,-32.7993278503418,-13.402454376220703,12.017948150634766,17.322998046875,4.181331634521484,12.449409484863281,13.927467346191406,8.824975967407227,Input/262350__stereo-surgeon__grinder-drum-loop.wav,135680
18,0.025402329862117767,149504,262350__stereo-surgeon__grinder-drum-loop.wav,,None_f18,0.017095046117901802,-858.7816772460938,222.8677978515625,13.145557403564453,20.45804214477539,6.198673248291016,47.152950286865234,19.154647827148438,24.410877227783203,16.299449920654297,11.66473388671875,20.19974708557129,12.761138916015625,12.805707931518555,Input/262350__stereo-surgeon__grinder-drum-loop.wav,142336
19,0.05252483859658241,156672,262350__stereo-surgeon__grinder-drum-loop.wav,,None_f19,0.010409780777990818,-792.0206298828125,220.84445190429688,15.281524658203125,10.565990447998047,3.752979278564453,-13.428028106689453,-7.4944610595703125,19.490924835205078,20.796092987060547,8.883926391601562,13.184621810913086,9.625228881835938,12.580371856689453,Input/262350__stereo-surgeon__grinder-drum-loop.wav,149504
20,0.043668609112501144,162816,262350__stereo-surgeon__grinder-drum-loop.wav,,None_f20,0.007561268284916878,-793.11083984375,247.04086303710938,12.78299331665039,6.1888580322265625,6.501564025878906,-30.17263412475586,-21.331279754638672,15.441757202148438,7.461433410644531,0.4374732971191406,2.42962646484375,15.047100067138672,15.933115005493164,Input/262350__stereo-surgeon__grinder-drum-loop.wav,156672
21,0.04244765266776085,176640,262350__stereo-surgeon__grinder-drum-loop.wav,,None_f21,0.009138541296124458,-936.0509643554688,174.80990600585938,4.293239593505859,10.074798583984375,-0.11516952514648438,39.94296646118164,27.430423736572266,34.500858306884766,23.56324005126953,9.21982192993164,13.452486038208008,27.42087173461914,14.53577995300293,Input/262350__stereo-surgeon__grinder-drum-loop.wav,162816
22,0.11232652515172958,183296,262350__stereo-surgeon__grinder-drum-loop.wav,,None_f22,0.008414831943809986,-687.6260375976562,157.36386108398438,13.479759216308594,10.916866302490234,-6.39885139465332,-5.935825347900391,7.368316650390625,6.978485107421875,18.88260841369629,0.4444923400878906,3.530313491821289,14.583671569824219,2.5363082885742188,Input/262350__stereo-surgeon__grinder-drum-loop.wav,176640
23,0.033266790211200714,190464,262350__stereo-surgeon__grinder-drum-loop.wav,,None_f23,0.016832785680890083,-859.80322265625,208.6920623779297,11.680187225341797,16.220666885375977,10.351959228515625,48.75507354736328,23.416702270507812,18.227092742919922,17.169700622558594,13.920143127441406,19.33308219909668,13.283592224121094,15.427993774414062,Input/262350__stereo-surgeon__grinder-drum-loop.wav,183296
24,0.05995164066553116,197120,262350__stereo-surgeon__grinder-drum-loop.wav,,None_f24,0.009502108208835125,-767.9458618164062,206.67059326171875,6.639186859130859,12.281299591064453,-1.3405036926269531,-1.7991447448730469,-9.740653991699219,22.987430572509766,21.646942138671875,0.4707756042480469,8.778396606445312,12.983818054199219,17.429292678833008,Input/262350__stereo-surgeon__grinder-drum-loop.wav,190464
25,0.11103574931621552,203776,262350__stereo-surgeon__grinder-drum-loop.wav,,None_f25,0.009120133705437183,-672.6859130859375,159.81890869140625,5.671932220458984,7.374835968017578,-14.114652633666992,0.9059600830078125,12.257608413696289,7.064384460449219,19.476701736450195,-1.4933013916015625,1.8334941864013672,14.6417236328125,-3.718416213989258,Input/262350__stereo-surgeon__grinder-drum-loop.wav,197120
26,0.020449932664632797,217088,262350__stereo-surgeon__grinder-drum-loop.wav,,None_f26,0.008479290641844273,-996.7050170898438,154.60330200195312,15.48580551147461,18.63213539123535,12.351158142089844,73.75875854492188,33.57333755493164,26.736988067626953,20.408966064453125,18.19449234008789,21.334070205688477,15.868793487548828,9.829225540161133,Input/262350__stereo-surgeon__grinder-drum-loop.wav,203776
27,0.04960864037275314,223744,262350__stereo-surgeon__grinder-drum-loop.wav,,None_f27,0.007888737134635448,-783.9331665039062,232.88290405273438,17.278377532958984,7.308542251586914,5.8374481201171875,-29.34897232055664,-11.73116683959961,12.660213470458984,15.903045654296875,0.24723434448242188,11.883180618286133,18.89734649658203,12.854759216308594,Input/262350__stereo-surgeon__grinder-drum-loop.wav,217088
28,0.02775648981332779,230912,262350__stereo-surgeon__grinder-drum-loop.wav,,None_f28,0.01695573702454567,-852.981689453125,217.54638671875,16.66503143310547,20.796680450439453,3.954803466796875,45.32747268676758,22.970191955566406,22.307846069335938,15.087486267089844,14.984214782714844,21.036619186401367,10.08306884765625,12.395454406738281,Input/262350__stereo-surgeon__grinder-drum-loop.wav,223744
29,0.07400090247392654,237568,262350__stereo-surgeon__grinder-drum-loop.wav,,None_f29,0.009477305226027966,-777.765380859375,195.5923614501953,10.859825134277344,13.307451248168945,12.46084976196289,-5.1891632080078125,-9.449211120605469,11.657817840576172,24.26443862915039,9.858627319335938,9.079803466796875,9.25198745727539,9.855016708374023,Input/262350__stereo-surgeon__grinder-drum-loop.wav,230912
30,0.04595213755965233,244224,262350__stereo-surgeon__grinder-drum-loop.wav,,None_f30,0.008414003066718578,-772.0234985351562,248.33840942382812,18.743633270263672,13.678787231445312,6.941192626953125,-35.582157135009766,-19.001354217529297,9.262710571289062,10.516838073730469,3.933643341064453,4.237083435058594,13.06363296508789,15.552968978881836,Input/262350__stereo-surgeon__grinder-drum-loop.wav,237568
31,0.03892571106553078,258048,262350__stereo-surgeon__grinder-drum-loop.wav,,None_f31,0.009071096777915955,-931.666015625,173.94454956054688,8.176204681396484,3.5068206787109375,-1.0608596801757812,42.40152359008789,30.73337173461914,27.89139175415039,20.974708557128906,10.297046661376953,15.418184280395508,24.310848236083984,14.517423629760742,Input/262350__stereo-surgeon__grinder-drum-loop.wav,244224
32,0.1111605167388916,264704,262350__stereo-surgeon__grinder-drum-loop.wav,,None_f32,0.008491205051541328,-692.7556762695312,161.12620544433594,9.095844268798828,18.445953369140625,-9.844053268432617,-5.580650329589844,1.9275436401367188,8.208133697509766,24.14009666442871,-4.215614318847656,3.5009288787841797,24.72154998779297,-1.1791191101074219,Input/262350__stereo-surgeon__grinder-drum-loop.wav,258048
33,0.07542753219604492,271360,262350__stereo-surgeon__grinder-drum-loop.wav,,None_f33,0.016318263486027718,-720.7176513671875,172.15000915527344,11.491283416748047,7.805774688720703,6.291080474853516,14.304508209228516,8.534578323364258,19.261302947998047,19.364843368530273,4.522087097167969,15.165521621704102,14.6199951171875,13.912055969238281,Input/262350__stereo-surgeon__grinder-drum-loop.wav,264704
34,0.08090388774871826,278528,262350__stereo-surgeon__grinder-drum-loop.wav,,None_f34,0.01006313692778349,-738.9948120117188,161.29283142089844,11.615428924560547,11.253974914550781,9.709014892578125,17.073951721191406,-19.910228729248047,14.538970947265625,28.434473037719727,4.234825134277344,5.04619026184082,17.295679092407227,22.00579833984375,Input/262350__stereo-surgeon__grinder-drum-loop.wav,271360
35,0.10476681590080261,285696,262350__stereo-surgeon__grinder-drum-loop.wav,,None_f35,0.008362377993762493,-717.8899536132812,172.12216186523438,19.93556022644043,8.825094223022461,-0.6438961029052734,-8.452178955078125,-11.87881088256836,0.8145294189453125,14.78767204284668,3.2633934020996094,11.9478759765625,10.351856231689453,11.386341094970703,Input/262350__stereo-surgeon__grinder-drum-loop.wav,278528
36,0.13948185741901398,298496,262350__stereo-surgeon__grinder-drum-loop.wav,,None_f36,0.0007762459572404623,-916.5746459960938,138.06375122070312,-1.4265327453613281,0.7941818237304688,1.9631385803222656,-36.57418441772461,-44.412879943847656,-36.61839294433594,-17.772415161132812,-22.829463958740234,-18.84667205810547,-10.035438537597656,-6.951812744140625,Input/262350__stereo-surgeon__grinder-drum-loop.wav,285696
37,0.1331900954246521,312320,262350__stereo-surgeon__grinder-drum-loop.wav,,None_f37,0.0012355427024886012,-878.849853515625,126.86071014404297,-9.923919677734375,-9.405448913574219,-11.568592071533203,-61.49092102050781,-52.60300064086914,-41.54985046386719,-34.08515930175781,-33.97063446044922,-22.444442749023438,-21.48787498474121,-17.39025115966797,Input/262350__stereo-surgeon__grinder-drum-loop.wav,298496
38,0.08816871047019958,319488,262350__stereo-surgeon__grinder-drum-loop.wav,,None_f38,0.0024911435320973396,-777.9727172851562,160.020263671875,-9.406169891357422,-4.4252777099609375,-4.2131500244140625,-80.71420288085938,-64.53956604003906,-35.71802520751953,-20.852771759033203,-31.250062942504883,-22.781436920166016,-13.792158126831055,-16.261619567871094,Input/262350__stereo-surgeon__grinder-drum-loop.wav,312320
39,0.05953846499323845,325632,262350__stereo-surgeon__grinder-drum-loop.wav,,None_f39,0.0025560460053384304,-800.1573486328125,198.12698364257812,-3.8155784606933594,-9.60986328125,-11.232967376708984,-96.28775024414062,-75.53620147705078,-39.85407638549805,-35.282344818115234,-39.9260139465332,-32.52045440673828,-20.598976135253906,-13.833503723144531,Input/262350__stereo-surgeon__grinder-drum-loop.wav,319488
40,0.016901863738894463,338944,262350__stereo-surgeon__grinder-drum-loop.wav,,None_f40,0.009187365882098675,-1001.4241333007812,161.20550537109375,16.29030990600586,17.694643020629883,14.782600402832031,89.90008544921875,31.560291290283203,13.486404418945312,21.311264038085938,26.58625030517578,19.693750381469727,11.441272735595703,11.502832412719727,Input/262350__stereo-surgeon__grinder-drum-loop.wav,325632
41,0.08666666597127914,346112,262350__stereo-surgeon__grinder-drum-loop.wav,,None_f41,0.008822204545140266,-695.9107666015625,172.22781372070312,15.739826202392578,8.417045593261719,1.160400390625,-32.75509262084961,6.657360076904297,2.834918975830078,14.883962631225586,15.431163787841797,9.710384368896484,16.039688110351562,13.78516960144043,Input/262350__stereo-surgeon__grinder-drum-loop.wav,338944
42,0.039079636335372925,352768,262350__stereo-surgeon__grinder-drum-loop.wav,,None_f42,0.01611790806055069,-850.41455078125,200.22369384765625,8.461177825927734,17.749731063842773,16.197265625,50.29728317260742,24.612476348876953,17.35131072998047,19.491039276123047,17.893295288085938,13.098434448242188,11.878913879394531,18.88127326965332,Input/262350__stereo-surgeon__grinder-drum-loop.wav,346112
43,0.07226336002349854,359936,262350__stereo-surgeon__grinder-drum-loop.wav,,None_f43,0.010466430336236954,-726.5205688476562,180.8746795654297,15.54696273803711,2.014415740966797,10.864742279052734,-22.672679901123047,9.603424072265625,11.00076675415039,15.50468635559082,10.564659118652344,11.251285552978516,-2.2042503356933594,19.559499740600586,Input/262350__stereo-surgeon__grinder-drum-loop.wav,352768
44,0.11233251541852951,366592,262350__stereo-surgeon__grinder-drum-loop.wav,,None_f44,0.009067215956747532,-673.616943359375,157.5117950439453,6.185728073120117,9.978740692138672,-9.112140655517578,-0.578338623046875,14.302669525146484,7.445426940917969,18.74083137512207,-0.5746994018554688,2.3235511779785156,12.270187377929688,-4.230243682861328,Input/262350__stereo-surgeon__grinder-drum-loop.wav,359936
45,0.03424530103802681,379904,262350__stereo-surgeon__grinder-drum-loop.wav,,None_f45,0.008501159027218819,-951.441650390625,142.03958129882812,19.656978607177734,9.260513305664062,17.13629150390625,40.23477554321289,39.69614028930664,25.492359161376953,42.905364990234375,14.285816192626953,2.9221115112304688,21.47629165649414,14.197488784790039,Input/262350__stereo-surgeon__grinder-drum-loop.wav,366592
46,0.06265003234148026,386560,262350__stereo-surgeon__grinder-drum-loop.wav,,None_f46,0.008079092018306255,-738.67431640625,204.1016387939453,17.64395523071289,9.505456924438477,7.578521728515625,-30.148834228515625,2.6232070922851562,5.345390319824219,8.150594711303711,9.943199157714844,6.561519622802734,6.8005828857421875,16.872175216674805,Input/262350__stereo-surgeon__grinder-drum-loop.wav,379904
47,0.034907933324575424,393728,262350__stereo-surgeon__grinder-drum-loop.wav,,None_f47,0.016907474026083946,-833.8199462890625,196.6727294921875,18.253795623779297,23.04836654663086,1.6881599426269531,52.72896194458008,28.92507553100586,6.349998474121094,35.29289245605469,5.14508056640625,15.179433822631836,21.128616333007812,4.654727935791016,Input/262350__stereo-surgeon__grinder-drum-loop.wav,386560
48,0.07702842354774475,400384,262350__stereo-surgeon__grinder-drum-loop.wav,,None_f48,0.0093140359967947,-747.9487915039062,186.48851013183594,13.194793701171875,18.458154678344727,8.956737518310547,-29.19113540649414,5.472019195556641,9.554588317871094,9.953516006469727,13.849796295166016,10.323554992675781,9.74283218383789,12.062614440917969,Input/262350__stereo-surgeon__grinder-drum-loop.wav,393728
49,0.05611443147063255,407040,262350__stereo-surgeon__grinder-drum-loop.wav,,None_f49,0.008415540680289268,-738.963134765625,216.24159240722656,20.04458999633789,8.285224914550781,10.755298614501953,-48.378780364990234,10.906158447265625,-0.11231613159179688,5.137687683105469,11.287940979003906,8.300605773925781,8.68075180053711,16.014368057250977,Input/262350__stereo-surgeon__grinder-drum-loop.wav,400384
50,0.0740571841597557,420864,262350__stereo-surgeon__grinder-drum-loop.wav,,None_f50,0.009054476395249367,-900.8992919921875,136.27688598632812,10.481536865234375,13.395439147949219,12.841312408447266,30.927104949951172,64.70640563964844,18.808040618896484,24.528785705566406,14.563652038574219,11.04150390625,22.012691497802734,9.77499771118164,Input/262350__stereo-surgeon__grinder-drum-loop.wav,407040
51,0.11191287636756897,427520,262350__stereo-surgeon__grinder-drum-loop.wav,,None_f51,0.008519560098648071,-689.3795166015625,153.2268524169922,16.069461822509766,4.854763031005859,0.00040435791015625,-7.589719772338867,2.8331775665283203,11.32509994506836,20.558528900146484,3.7990074157714844,8.611976623535156,14.939804077148438,7.310371398925781,Input/262350__stereo-surgeon__grinder-drum-loop.wav,420864
52,0.038028545677661896,434176,262350__stereo-surgeon__grinder-drum-loop.wav,,None_f52,0.01639336533844471,-856.2391357421875,199.65330505371094,14.408771514892578,16.700042724609375,11.800094604492188,56.64762496948242,24.958778381347656,13.373321533203125,20.509681701660156,18.56174087524414,15.512367248535156,10.349018096923828,16.319337844848633,Input/262350__stereo-surgeon__grinder-drum-loop.wav,427520
53,0.07031106948852539,441344,262350__stereo-surgeon__grinder-drum-loop.wav,,None_f53,0.010044622235000134,-732.6547241210938,177.5221405029297,23.951736450195312,-4.642513275146484,6.134765625,-33.56104278564453,13.191654205322266,4.617420196533203,16.31861114501953,15.536617279052734,13.686410903930664,5.646697998046875,25.21897315979004,Input/262350__stereo-surgeon__grinder-drum-loop.wav,434176
54,0.1082363948225975,448000,262350__stereo-surgeon__grinder-drum-loop.wav,,None_f54,0.009201745502650738,-668.9157104492188,161.46609497070312,5.618522644042969,8.269294738769531,-5.923198699951172,-2.361356735229492,13.749263763427734,5.624683380126953,16.65132713317871,1.5137062072753906,4.456369400024414,12.668682098388672,-7.41865348815918,Input/262350__stereo-surgeon__grinder-drum-loop.wav,441344
55,0.013271833769977093,461312,262350__stereo-surgeon__grinder-drum-loop.wav,,None_f55,0.008624675683677197,-1006.5927734375,155.8671875,15.859798431396484,17.248796463012695,14.596649169921875,88.52593994140625,32.61638259887695,14.268478393554688,20.941055297851562,26.115257263183594,19.986108779907227,12.04500961303711,11.605356216430664,Input/262350__stereo-surgeon__grinder-drum-loop.wav,448000
56,0.06522893905639648,467968,262350__stereo-surgeon__grinder-drum-loop.wav,,None_f56,0.008229155093431473,-737.4013061523438,197.19386291503906,17.069049835205078,7.486503601074219,7.6917877197265625,-37.7612419128418,4.5460662841796875,5.998538970947266,11.361989974975586,11.706367492675781,10.580530166625977,12.183403015136719,14.345327377319336,Input/262350__stereo-surgeon__grinder-drum-loop.wav,461312
57,0.036470670253038406,475136,262350__stereo-surgeon__grinder-drum-loop.wav,,None_f57,0.01704590581357479,-807.94775390625,187.450927734375,24.355457305908203,8.51529312133789,1.8026924133300781,29.85611343383789,45.22807693481445,15.140327453613281,16.961048126220703,14.840923309326172,13.176088333129883,14.863277435302734,12.697498321533203,Input/262350__stereo-surgeon__grinder-drum-loop.wav,467968
58,0.07448956370353699,481792,262350__stereo-surgeon__grinder-drum-loop.wav,,None_f58,0.009729254059493542,-762.35302734375,186.443115234375,18.616512298583984,13.030344009399414,6.824802398681641,-24.185714721679688,5.5850830078125,12.277496337890625,13.360664367675781,17.318634033203125,13.119762420654297,9.862075805664062,14.361152648925781,Input/262350__stereo-surgeon__grinder-drum-loop.wav,475136
59,0.05567154660820961,488448,262350__stereo-surgeon__grinder-drum-loop.wav,,None_f59,0.008348620496690273,-734.5479125976562,217.5050048828125,15.590991973876953,5.654090881347656,6.258022308349609,-48.17737579345703,16.497943878173828,1.5563697814941406,4.748382568359375,9.167472839355469,4.818511962890625,9.168994903564453,17.296083450317383,Input/262350__stereo-surgeon__grinder-drum-loop.wav,481792
60,0.04213419929146767,502272,262350__stereo-surgeon__grinder-drum-loop.wav,,None_f60,0.009125794284045696,-927.0421752929688,169.16256713867188,10.575763702392578,7.267646789550781,-1.5513229370117188,38.738895416259766,37.10622024536133,25.20901870727539,23.799880981445312,15.430591583251953,11.13145637512207,24.79397964477539,14.459169387817383,Input/262350__stereo-surgeon__grinder-drum-loop.wav,488448
61,0.10440976917743683,508928,262350__stereo-surgeon__grinder-drum-loop.wav,,None_f61,0.008364398032426834,-692.421142578125,162.6634521484375,9.500558853149414,8.440391540527344,2.245624542236328,-13.709615707397461,3.6862335205078125,15.418773651123047,7.4661102294921875,15.671340942382812,3.627920150756836,10.650527954101562,13.388181686401367,Input/262350__stereo-surgeon__grinder-drum-loop.wav,502272
62,0.058018554002046585,515584,262350__stereo-surgeon__grinder-drum-loop.wav,,None_f62,0.01650242879986763,-815.7181396484375,176.23126220703125,13.600994110107422,12.61490249633789,12.909011840820312,43.993228912353516,29.480167388916016,21.641307830810547,27.011232376098633,10.549182891845703,9.044971466064453,15.220695495605469,18.221454620361328,Input/262350__stereo-surgeon__grinder-drum-loop.wav,508928
63,0.06811022758483887,522752,262350__stereo-surgeon__grinder-drum-loop.wav,,None_f63,0.010415143333375454,-731.5469970703125,181.81651306152344,10.969825744628906,9.093576431274414,7.583148956298828,-28.144939422607422,17.85256576538086,4.812198638916016,13.580446243286133,19.342243194580078,5.865606307983398,9.863304138183594,23.15257453918457,Input/262350__stereo-surgeon__grinder-drum-loop.wav,515584
64,0.10905758291482925,529408,262350__stereo-surgeon__grinder-drum-loop.wav,,None_f64,0.008975626900792122,-670.4283447265625,161.14230346679688,8.534900665283203,7.315412521362305,-11.942548751831055,-2.170591354370117,11.992206573486328,4.211467742919922,17.09016227722168,1.1222343444824219,3.8643035888671875,13.991249084472656,-1.2159061431884766,Input/262350__stereo-surgeon__grinder-drum-loop.wav,522752
65,0.0207404475659132,542720,262350__stereo-surgeon__grinder-drum-loop.wav,,None_f65,0.008516071364283562,-1002.4185180664062,155.58331298828125,15.813472747802734,17.991960525512695,13.517951965332031,82.7066650390625,33.08073806762695,19.185623168945312,20.0947265625,22.126529693603516,20.50986671447754,14.216487884521484,11.23448371887207,Input/262350__stereo-surgeon__grinder-drum-loop.wav,529408
66,0.06361847370862961,549376,262350__stereo-surgeon__grinder-drum-loop.wav,,None_f66,0.007962792180478573,-745.5572509765625,200.4632568359375,14.523273468017578,6.615020751953125,4.7862548828125,-31.669124603271484,1.9786109924316406,6.887592315673828,10.547958374023438,11.810249328613281,12.210552215576172,12.653335571289062,16.064891815185547,Input/262350__stereo-surgeon__grinder-drum-loop.wav,542720
67,0.03569763898849487,556544,262350__stereo-surgeon__grinder-drum-loop.wav,,None_f67,0.01681642048060894,-808.42919921875,187.41673278808594,26.725936889648438,12.747146606445312,-0.21997451782226562,35.63810348510742,39.915550231933594,6.2038726806640625,25.05889892578125,11.1478271484375,22.8198299407959,5.006919860839844,11.525581359863281,Input/262350__stereo-surgeon__grinder-drum-loop.wav,549376
68,0.06872279196977615,563200,262350__stereo-surgeon__grinder-drum-loop.wav,,None_f68,0.009955555200576782,-763.458740234375,188.281494140625,19.48833465576172,12.272043228149414,13.751296997070312,-28.947887420654297,8.266948699951172,8.488136291503906,16.838220596313477,15.246139526367188,11.005674362182617,11.694923400878906,7.507831573486328,Input/262350__stereo-surgeon__grinder-drum-loop.wav,556544
69,0.06042946130037308,569856,262350__stereo-surgeon__grinder-drum-loop.wav,,None_f69,0.008187595754861832,-732.2708740234375,214.81216430664062,23.96947479248047,14.371143341064453,8.686180114746094,-57.75092315673828,6.630607604980469,-3.9910621643066406,2.883007049560547,15.061805725097656,12.137603759765625,13.185001373291016,15.07868766784668,Input/262350__stereo-surgeon__grinder-drum-loop.wav,563200
70,0.04837804287672043,583680,262350__stereo-surgeon__grinder-drum-loop.wav,,None_f70,0.009052809327840805,-928.32666015625,166.95614624023438,7.631557464599609,1.6347427368164062,1.8488693237304688,38.16305923461914,41.32150650024414,24.283023834228516,17.320632934570312,20.714740753173828,12.44615364074707,21.25368881225586,21.508413314819336,Input/262350__stereo-surgeon__grinder-drum-loop.wav,569856
71,0.08046934008598328,590336,262350__stereo-surgeon__grinder-drum-loop.wav,,None_f71,0.008595859631896019,-711.2128295898438,176.77371215820312,11.315608978271484,5.852993011474609,5.282032012939453,-13.058269500732422,1.2876739501953125,15.141006469726562,14.166271209716797,10.01845932006836,9.752241134643555,6.523975372314453,15.807149887084961,Input/262350__stereo-surgeon__grinder-drum-loop.wav,583680
72,0.15092842280864716,598016,262350__stereo-surgeon__grinder-drum-loop.wav,,None_f72,0.017744187265634537,-623.4993896484375,120.10075378417969,16.403554916381836,6.642509460449219,6.178947448730469,-18.245067596435547,23.678546905517578,11.311685562133789,12.614507675170898,23.243602752685547,15.023759841918945,10.242311477661133,14.282984733581543,Input/262350__stereo-surgeon__grinder-drum-loop.wav,590336
73,0.11341594904661179,604160,262350__stereo-surgeon__grinder-drum-loop.wav,,None_f73,0.007985343225300312,-687.0770263671875,138.20684814453125,4.288852691650391,7.155153274536133,10.025222778320312,-5.496589660644531,27.09016990661621,2.4625320434570312,16.349788665771484,17.940776824951172,5.709781646728516,8.531110763549805,18.29830551147461,Input/262350__stereo-surgeon__grinder-drum-loop.wav,598016
74,0.12219789624214172,610816,262350__stereo-surgeon__grinder-drum-loop.wav,,None_f74,0.008307358250021935,-697.042236328125,152.32130432128906,25.06399154663086,1.2864017486572266,0.6242237091064453,-10.461019515991211,-7.55523681640625,-1.0800437927246094,16.0799503326416,6.851596832275391,13.172861099243164,9.500255584716797,13.573148727416992,Input/262350__stereo-surgeon__grinder-drum-loop.wav,604160
75,0.13079355657100677,624128,262350__stereo-surgeon__grinder-drum-loop.wav,,None_f75,0.001064263517037034,-893.6680297851562,143.69046020507812,0.17580795288085938,-0.7875595092773438,0.75048828125,-41.964576721191406,-42.79412841796875,-34.05913162231445,-16.764083862304688,-21.58759117126465,-16.785903930664062,-10.129892349243164,-4.848106384277344,Input/262350__stereo-surgeon__grinder-drum-loop.wav,610816
76,0.14656943082809448,637952,262350__stereo-surgeon__grinder-drum-loop.wav,,None_f76,0.001465298468247056,-852.7920532226562,106.84249877929688,1.0151290893554688,-14.348869323730469,-18.569232940673828,-59.755348205566406,-44.79436111450195,-48.4409294128418,-31.631473541259766,-37.07771301269531,-20.084327697753906,-21.459218978881836,-23.510154724121094,Input/262350__stereo-surgeon__grinder-drum-loop.wav,624128
77,0.10173771530389786,645120,262350__stereo-surgeon__grinder-drum-loop.wav,,None_f77,0.0030224299989640713,-746.5088500976562,126.63108825683594,-12.053237915039062,-8.021602630615234,-8.910030364990234,-95.51082611083984,-48.284706115722656,-51.867523193359375,-28.076309204101562,-31.603008270263672,-27.688243865966797,-22.068340301513672,-18.847957611083984,Input/262350__stereo-surgeon__grinder-drum-loop.wav,637952
78,0.06663517653942108,651264,262350__stereo-surgeon__grinder-drum-loop.wav,,None_f78,0.002948630601167679,-770.7408447265625,181.00555419921875,-1.5761222839355469,-8.32025146484375,-10.286582946777344,-108.72552490234375,-50.88849639892578,-47.01211929321289,-39.19613265991211,-31.78879165649414,-27.46210479736328,-23.645038604736328,-11.436752319335938,Input/262350__stereo-surgeon__grinder-drum-loop.wav,645120
79,0.01869012787938118,658944,262350__stereo-surgeon__grinder-drum-loop.wav,,None_f79,0.018134424462914467,-891.3722534179688,231.68569946289062,13.509700775146484,15.890247344970703,12.860504150390625,65.615478515625,9.53188705444336,20.468482971191406,19.650733947753906,19.42935562133789,14.998865127563477,7.632083892822266,17.131563186645508,Input/262350__stereo-surgeon__grinder-drum-loop.wav,651264
80,0.061643242835998535,664576,262350__stereo-surgeon__grinder-drum-loop.wav,,None_f80,0.0073445038869977,-949.7979125976562,155.95773315429688,10.88235855102539,9.382537841796875,9.538002014160156,49.52713394165039,44.533939361572266,30.354190826416016,25.947830200195312,20.56015396118164,16.995595932006836,14.48038101196289,11.876920700073242,Input/262350__stereo-surgeon__grinder-drum-loop.wav,658944
81,0.08831479400396347,671744,262350__stereo-surgeon__grinder-drum-loop.wav,,None_f81,0.008702520281076431,-759.9533081054688,149.10540771484375,10.181644439697266,1.8425331115722656,7.04345703125,-25.905990600585938,34.73406219482422,32.09511947631836,26.918689727783203,24.533405303955078,16.722766876220703,8.935771942138672,14.850399017333984,Input/262350__stereo-surgeon__grinder-drum-loop.wav,664576
82,0.04473292455077171,678400,262350__stereo-surgeon__grinder-drum-loop.wav,,None_f82,0.016516055911779404,-839.69873046875,192.1995849609375,14.354747772216797,15.290809631347656,12.568992614746094,52.339046478271484,28.11798095703125,15.456626892089844,18.695226669311523,17.425655364990234,16.28706169128418,10.56634521484375,15.661298751831055,Input/262350__stereo-surgeon__grinder-drum-loop.wav,671744
83,0.08285177499055862,685568,262350__stereo-surgeon__grinder-drum-loop.wav,,None_f83,0.009229891933500767,-780.5738525390625,153.89923095703125,19.633968353271484,-4.18292236328125,4.4788665771484375,-31.088462829589844,31.8897705078125,21.85759735107422,20.194290161132812,27.771808624267578,25.56953239440918,10.60943603515625,21.597610473632812,Input/262350__stereo-surgeon__grinder-drum-loop.wav,678400
84,0.12427856773138046,692224,262350__stereo-surgeon__grinder-drum-loop.wav,,None_f84,0.008845658972859383,-711.0606079101562,133.5817413330078,3.0092220306396484,3.6044960021972656,-9.448600769042969,7.719348907470703,43.74639129638672,26.931438446044922,23.574291229248047,3.2811927795410156,5.4519805908203125,14.434503555297852,-10.221138000488281,Input/262350__stereo-surgeon__grinder-drum-loop.wav,685568
85,0.024157194420695305,699392,262350__stereo-surgeon__grinder-drum-loop.wav,,None_f85,0.017052093520760536,-891.560302734375,221.33734130859375,12.568851470947266,16.11251449584961,12.265548706054688,63.89719009399414,16.886783599853516,17.328842163085938,19.30010986328125,19.796527862548828,15.594011306762695,8.540027618408203,15.426584243774414,Input/262350__stereo-surgeon__grinder-drum-loop.wav,692224
86,0.05637716129422188,705536,262350__stereo-surgeon__grinder-drum-loop.wav,,None_f86,0.007863313890993595,-950.8056030273438,130.74066162109375,16.587200164794922,0.8101882934570312,13.95334243774414,34.47482681274414,48.64952850341797,46.68758010864258,45.44755554199219,16.38241958618164,24.758893966674805,12.004764556884766,11.607561111450195,Input/262350__stereo-surgeon__grinder-drum-loop.wav,699392
87,0.07072218507528305,712192,262350__stereo-surgeon__grinder-drum-loop.wav,,None_f87,0.008150308392941952,-805.5233764648438,156.72238159179688,17.17083740234375,9.276611328125,3.859180450439453,-26.427513122558594,31.868911743164062,26.795791625976562,19.401742935180664,29.41197967529297,31.308738708496094,20.72431182861328,18.27045249938965,Input/262350__stereo-surgeon__grinder-drum-loop.wav,705536
88,0.026914432644844055,719360,262350__stereo-surgeon__grinder-drum-loop.wav,,None_f88,0.016768984496593475,-847.4497680664062,205.79119873046875,18.71990966796875,19.972335815429688,2.2447853088378906,60.029300689697266,25.02057647705078,-2.6177597045898438,38.13328170776367,12.781299591064453,7.416561126708984,19.692012786865234,8.270578384399414,Input/262350__stereo-surgeon__grinder-drum-loop.wav,712192
89,0.06898660212755203,726016,262350__stereo-surgeon__grinder-drum-loop.wav,,None_f89,0.008812181651592255,-828.7777709960938,155.02423095703125,12.737537384033203,9.10605239868164,-0.8167266845703125,-46.60703659057617,39.27595901489258,22.849151611328125,24.28142547607422,35.414207458496094,29.15581703186035,28.66189956665039,18.12052345275879,Input/262350__stereo-surgeon__grinder-drum-loop.wav,719360
90,0.059068046510219574,732672,262350__stereo-surgeon__grinder-drum-loop.wav,,None_f90,0.007991520687937737,-804.0126342773438,167.62078857421875,19.41946029663086,3.1401214599609375,4.395118713378906,-53.5624885559082,45.92232131958008,24.806903839111328,20.349563598632812,33.68968963623047,27.156862258911133,23.043651580810547,16.331308364868164,Input/262350__stereo-surgeon__grinder-drum-loop.wav,726016
91,0.038187313824892044,746496,262350__stereo-surgeon__grinder-drum-loop.wav,,None_f91,0.010514657944440842,-907.9610595703125,170.33908081054688,9.24332046508789,5.530189514160156,5.1818389892578125,55.202945709228516,62.96947479248047,11.882400512695312,24.690994262695312,19.500995635986328,6.097503662109375,23.440982818603516,9.094881057739258,Input/262350__stereo-surgeon__grinder-drum-loop.wav,732672
92,0.10892466455698013,753152,262350__stereo-surgeon__grinder-drum-loop.wav,,None_f92,0.008169231005012989,-755.7783813476562,149.05589294433594,8.742767333984375,8.41543197631836,13.424213409423828,2.3247413635253906,32.310489654541016,25.42391586303711,18.671504974365234,15.16314697265625,7.369884490966797,1.0265922546386719,8.749052047729492,Input/262350__stereo-surgeon__grinder-drum-loop.wav,746496
93,0.04161219671368599,759808,262350__stereo-surgeon__grinder-drum-loop.wav,,None_f93,0.016469471156597137,-846.8727416992188,195.14630126953125,14.68508529663086,16.431015014648438,11.383625030517578,53.78855895996094,26.702922821044922,14.973514556884766,20.237943649291992,17.711013793945312,15.720268249511719,10.796310424804688,15.707956314086914,Input/262350__stereo-surgeon__grinder-drum-loop.wav,753152
94,0.07836759090423584,766976,262350__stereo-surgeon__grinder-drum-loop.wav,,None_f94,0.00881931558251381,-779.9080810546875,149.7881317138672,23.993938446044922,-2.069366455078125,6.457244873046875,-34.44369125366211,40.2573127746582,19.380149841308594,24.114280700683594,27.376827239990234,19.70487403869629,5.344764709472656,21.0987606048584,Input/262350__stereo-surgeon__grinder-drum-loop.wav,759808
95,0.11743782460689545,773632,262350__stereo-surgeon__grinder-drum-loop.wav,,None_f95,0.008814951404929161,-718.3406372070312,136.61029052734375,2.583728790283203,5.361879348754883,-10.653717041015625,4.135257720947266,42.88801956176758,27.884971618652344,26.314546585083008,3.9756698608398438,4.8966522216796875,14.346153259277344,-10.398242950439453,Input/262350__stereo-surgeon__grinder-drum-loop.wav,766976
96,0.01689576357603073,781312,262350__stereo-surgeon__grinder-drum-loop.wav,,None_f96,0.01631464622914791,-908.7882080078125,227.34457397460938,17.333629608154297,12.77554702758789,11.989479064941406,69.5821533203125,9.230243682861328,17.728103637695312,21.97956085205078,20.106372833251953,14.13923454284668,8.357166290283203,14.959077835083008,Input/262350__stereo-surgeon__grinder-drum-loop.wav,773632
97,0.008956733159720898,786944,262350__stereo-surgeon__grinder-drum-loop.wav,,None_f97,0.005913975648581982,-1056.2410888671875,110.70813751220703,7.903316497802734,7.384498596191406,7.515350341796875,95.66302490234375,74.96400451660156,53.41659927368164,35.07122802734375,22.059406280517578,14.381380081176758,10.58150863647461,8.843111038208008,Input/262350__stereo-surgeon__grinder-drum-loop.wav,781312
98,0.07164148986339569,793600,262350__stereo-surgeon__grinder-drum-loop.wav,,None_f98,0.007616078481078148,-803.470703125,154.75547790527344,14.527023315429688,4.515300750732422,4.734714508056641,-34.468441009521484,34.74660110473633,26.783653259277344,26.360321044921875,26.918071746826172,25.307706832885742,22.946334838867188,18.33347511291504,Input/262350__stereo-surgeon__grinder-drum-loop.wav,786944
99,0.03541463613510132,800768,262350__stereo-surgeon__grinder-drum-loop.wav,,None_f99,0.01567920856177807,-817.3179321289062,188.59579467773438,24.84540557861328,8.520212173461914,0.6831169128417969,32.456260681152344,44.187564849853516,11.041107177734375,22.322195053100586,15.553756713867188,8.754074096679688,15.90157699584961,14.551044464111328,Input/262350__stereo-surgeon__grinder-drum-loop.wav,793600
100,0.057469576597213745,807424,262350__stereo-surgeon__grinder-drum-loop.wav,,None_f100,0.007867501117289066,-852.754150390625,154.75439453125,16.154308319091797,7.080543518066406,3.205352783203125,-39.11692428588867,43.49614334106445,29.971332550048828,19.28809356689453,37.31525421142578,28.26591682434082,23.520099639892578,14.904260635375977,Input/262350__stereo-surgeon__grinder-drum-loop.wav,800768
101,0.05801912769675255,814080,262350__stereo-surgeon__grinder-drum-loop.wav,,None_f101,0.007579218130558729,-808.2804565429688,168.07623291015625,21.04684066772461,-0.10080718994140625,-4.353828430175781,-52.90359115600586,39.39848709106445,19.411087036132812,21.743988037109375,38.36730194091797,24.756364822387695,22.671977996826172,22.81694221496582,Input/262350__stereo-surgeon__grinder-drum-loop.wav,807424
102,0.015687178820371628,827904,262350__stereo-surgeon__grinder-drum-loop.wav,,None_f102,0.00972381979227066,-962.5606079101562,194.0728759765625,9.615062713623047,4.297828674316406,7.357757568359375,91.013916015625,29.148700714111328,18.955490112304688,23.87084197998047,20.727420806884766,11.390764236450195,9.79763412475586,13.816499710083008,Input/262350__stereo-surgeon__grinder-drum-loop.wav,814080
103,0.11028070002794266,834560,262350__stereo-surgeon__grinder-drum-loop.wav,,None_f103,0.00771191343665123,-758.283447265625,147.35305786132812,11.746620178222656,13.401264190673828,9.859050750732422,-0.3143272399902344,33.884056091308594,24.99261474609375,17.08232879638672,12.3887939453125,8.709053039550781,3.3931236267089844,8.667543411254883,Input/262350__stereo-surgeon__grinder-drum-loop.wav,827904
104,0.05021976679563522,841216,262350__stereo-surgeon__grinder-drum-loop.wav,,None_f104,0.015325182117521763,-834.9898071289062,185.00411987304688,13.692485809326172,15.696992874145508,12.240653991699219,49.655941009521484,30.32587432861328,17.592029571533203,18.46739959716797,14.137088775634766,16.542707443237305,13.660331726074219,14.579240798950195,Input/262350__stereo-surgeon__grinder-drum-loop.wav,834560
105,0.07680384069681168,848384,262350__stereo-surgeon__grinder-drum-loop.wav,,None_f105,0.008511204272508621,-790.8323364257812,148.7896270751953,8.038482666015625,1.5061721801757812,5.758892059326172,-34.278968811035156,41.74131774902344,14.246456146240234,26.80929946899414,37.57204818725586,21.312719345092773,14.437213897705078,16.023033142089844,Input/262350__stereo-surgeon__grinder-drum-loop.wav,841216
106,0.1186862513422966,855040,262350__stereo-surgeon__grinder-drum-loop.wav,,None_f106,0.008176381699740887,-723.6567993164062,135.19273376464844,3.227184295654297,4.303691864013672,-10.949747085571289,6.001983642578125,44.60686111450195,29.308238983154297,25.894033432006836,4.353603363037109,5.052022933959961,15.618339538574219,-12.277292251586914,Input/262350__stereo-surgeon__grinder-drum-loop.wav,848384
107,0.026976846158504486,862208,262350__stereo-surgeon__grinder-drum-loop.wav,,None_f107,0.01576903648674488,-890.2144165039062,216.59136962890625,12.817394256591797,16.117128372192383,12.136329650878906,62.22389602661133,19.320636749267578,15.928901672363281,19.557632446289062,19.350955963134766,15.674665451049805,9.03756332397461,15.330377578735352,Input/262350__stereo-surgeon__grinder-drum-loop.wav,855040
108,0.018023988232016563,868352,262350__stereo-surgeon__grinder-drum-loop.wav,,None_f108,0.007274465635418892,-1036.9173583984375,129.37710571289062,7.137744903564453,5.767486572265625,6.2961273193359375,98.05621337890625,68.53468322753906,47.36526870727539,31.594970703125,21.115222930908203,17.051950454711914,15.289737701416016,11.402124404907227,Input/262350__stereo-surgeon__grinder-drum-loop.wav,862208
109,0.06814853847026825,875008,262350__stereo-surgeon__grinder-drum-loop.wav,,None_f109,0.007405306678265333,-807.621826171875,163.04656982421875,17.327903747558594,6.00897216796875,2.1167221069335938,-29.108505249023438,30.055225372314453,24.038448333740234,22.25286102294922,30.695941925048828,27.2581729888916,19.403297424316406,21.490676879882812,Input/262350__stereo-surgeon__grinder-drum-loop.wav,868352
110,0.03373202309012413,882176,262350__stereo-surgeon__grinder-drum-loop.wav,,None_f110,0.015495318919420242,-819.286376953125,187.7158203125,27.826168060302734,14.203227996826172,-0.8818855285644531,38.8678092956543,41.25202178955078,5.565582275390625,24.53441619873047,11.61175537109375,21.130094528198242,6.720989227294922,9.694791793823242,Input/262350__stereo-surgeon__grinder-drum-loop.wav,875008
111,0.059004176408052444,888832,262350__stereo-surgeon__grinder-drum-loop.wav,,None_f111,0.008171679452061653,-850.0383911132812,155.75875854492188,11.961788177490234,9.838890075683594,6.588081359863281,-36.9674186706543,43.0836067199707,31.044269561767578,22.88269805908203,32.868690490722656,27.76873207092285,27.757038116455078,13.571077346801758,Input/262350__stereo-surgeon__grinder-drum-loop.wav,882176
112,0.06998051702976227,895488,262350__stereo-surgeon__grinder-drum-loop.wav,,None_f112,0.007453340105712414,-802.7079467773438,167.20281982421875,19.615741729736328,10.174365997314453,4.7976226806640625,-56.3257942199707,40.38290786743164,21.20965576171875,20.888389587402344,36.84014129638672,30.655099868774414,18.49392318725586,8.721956253051758,Input/262350__stereo-surgeon__grinder-drum-loop.wav,888832
113,0.020576540380716324,909312,262350__stereo-surgeon__grinder-drum-loop.wav,,None_f113,0.00972357951104641,-966.1260986328125,192.130859375,10.11202621459961,5.9332275390625,5.043403625488281,94.0953369140625,33.802249908447266,21.088973999023438,22.315078735351562,20.151615142822266,14.975412368774414,11.851146697998047,12.065774917602539,Input/262350__stereo-surgeon__grinder-drum-loop.wav,895488
114,0.11517581343650818,915968,262350__stereo-surgeon__grinder-drum-loop.wav,,None_f114,0.007503597531467676,-762.7517700195312,141.9357452392578,15.697174072265625,9.97111701965332,5.365978240966797,3.796459197998047,27.2108154296875,25.53197479248047,13.82978630065918,11.128448486328125,10.29012680053711,3.8504981994628906,17.226449966430664,Input/262350__stereo-surgeon__grinder-drum-loop.wav,909312
115,0.157584086060524,923648,262350__stereo-surgeon__grinder-drum-loop.wav,,None_f115,0.016453975811600685,-648.7229614257812,108.3913803100586,19.838680267333984,8.012205123901367,6.302211761474609,-24.950763702392578,29.34453010559082,18.49494743347168,20.63565444946289,27.901952743530273,18.060087203979492,11.382518768310547,17.077476501464844,Input/262350__stereo-surgeon__grinder-drum-loop.wav,915968
116,0.12377586215734482,929792,262350__stereo-surgeon__grinder-drum-loop.wav,,None_f116,0.006327434908598661,-744.3566284179688,122.48606872558594,7.057132720947266,4.939691543579102,1.9838218688964844,-2.4182968139648438,53.2088623046875,8.105396270751953,28.61821937561035,34.66403579711914,10.142311096191406,1.3583564758300781,1.7587299346923828,Input/262350__stereo-surgeon__grinder-drum-loop.wav,923648
117,0.13951216638088226,936448,262350__stereo-surgeon__grinder-drum-loop.wav,,None_f117,0.007496797479689121,-781.0305786132812,112.84988403320312,31.482973098754883,-4.4946441650390625,-1.9655742645263672,-11.416023254394531,22.21196746826172,25.492591857910156,38.958885192871094,24.533218383789062,22.995849609375,15.897846221923828,14.888236999511719,Input/262350__stereo-surgeon__grinder-drum-loop.wav,929792
118,0.14809837937355042,949760,262350__stereo-surgeon__grinder-drum-loop.wav,,None_f118,0.0004189769388176501,-1036.9351806640625,60.486244201660156,21.601497650146484,10.264419555664062,8.061515808105469,-45.76375961303711,-37.87378692626953,-3.9524993896484375,-3.4871139526367188,7.536945343017578,20.901132583618164,17.834674835205078,20.46470832824707,Input/262350__stereo-surgeon__grinder-drum-loop.wav,936448
119,0.18571369349956512,963584,262350__stereo-surgeon__grinder-drum-loop.wav,,None_f119,0.0005678485613316298,-962.3900756835938,53.558135986328125,21.687015533447266,-3.466686248779297,-15.694332122802734,-68.081787109375,-17.002994537353516,-27.223609924316406,0.583465576171875,-3.4337425231933594,1.3127822875976562,2.573223114013672,-5.656379699707031,Input/262350__stereo-surgeon__grinder-drum-loop.wav,949760
120,0.12846730649471283,970240,262350__stereo-surgeon__grinder-drum-loop.wav,,None_f120,0.0008611893281340599,-907.9660034179688,61.99871063232422,3.4555397033691406,3.8133544921875,2.614471435546875,-130.80642700195312,-34.21149444580078,-38.38888168334961,-34.489131927490234,-10.978782653808594,-5.995452880859375,5.052982330322266,0.5223007202148438,Input/262350__stereo-surgeon__grinder-drum-loop.wav,963584
121,0.10485327988862991,976896,262350__stereo-surgeon__grinder-drum-loop.wav,,None_f121,0.0012154324213042855,-868.1284790039062,71.39952850341797,11.950504302978516,5.894195556640625,4.2250823974609375,-154.9811248779297,-41.813819885253906,-47.6834716796875,-37.16764450073242,-3.2734336853027344,-4.239723205566406,-4.7933349609375,-3.0355911254882812,Input/262350__stereo-surgeon__grinder-drum-loop.wav,970240
122,0.01885051652789116,984576,262350__stereo-surgeon__grinder-drum-loop.wav,,None_f122,0.015446771867573261,-899.0689697265625,229.61465454101562,14.901081085205078,14.33578872680664,12.654006958007812,66.12370300292969,8.19473648071289,19.442657470703125,20.985698699951172,18.71408462524414,13.987253189086914,9.266597747802734,17.10628318786621,Input/262350__stereo-surgeon__grinder-drum-loop.wav,976896
123,0.0630444586277008,990208,262350__stereo-surgeon__grinder-drum-loop.wav,,None_f123,0.0061982846818864346,-962.6961059570312,151.65682983398438,12.89260482788086,11.23443603515625,10.804595947265625,48.78860855102539,41.69551467895508,30.955265045166016,25.010116577148438,22.128162384033203,17.544214248657227,16.49508285522461,13.39958381652832,Input/262350__stereo-surgeon__grinder-drum-loop.wav,984576
124,0.08971098065376282,997376,262350__stereo-surgeon__grinder-drum-loop.wav,,None_f124,0.007298614829778671,-773.4124755859375,146.11312866210938,12.260696411132812,2.442171096801758,6.169895172119141,-29.153858184814453,31.790634155273438,30.22852325439453,25.818164825439453,25.657581329345703,19.33860969543457,12.974040985107422,18.969764709472656,Input/262350__stereo-surgeon__grinder-drum-loop.wav,990208
125,0.04618772864341736,1004032,262350__stereo-surgeon__grinder-drum-loop.wav,,None_f125,0.014221115037798882,-849.1298828125,190.60887145996094,14.398502349853516,16.196205139160156,12.085491180419922,53.05952072143555,28.061904907226562,14.969532012939453,19.048376083374023,16.980403900146484,16.271745681762695,11.314395904541016,15.115137100219727,Input/262350__stereo-surgeon__grinder-drum-loop.wav,997376
126,0.08161252737045288,1011200,262350__stereo-surgeon__grinder-drum-loop.wav,,None_f126,0.007884412072598934,-796.2745971679688,157.1688232421875,19.766876220703125,-3.6241722106933594,4.221736907958984,-35.637107849121094,33.95458221435547,19.986324310302734,20.12599754333496,28.366012573242188,24.87254524230957,13.708255767822266,21.25306510925293,Input/262350__stereo-surgeon__grinder-drum-loop.wav,1004032
127,0.12214300781488419,1017856,262350__stereo-surgeon__grinder-drum-loop.wav,,None_f127,0.007568690460175276,-729.294189453125,134.28233337402344,0.9581375122070312,5.719470977783203,-9.715408325195312,7.001853942871094,42.88772964477539,28.09398651123047,26.852060317993164,5.464359283447266,5.555143356323242,12.826969146728516,-11.995063781738281,Input/262350__stereo-surgeon__grinder-drum-loop.wav,1011200
128,0.017611322924494743,1025536,262350__stereo-surgeon__grinder-drum-loop.wav,,None_f128,0.015205084346234798,-912.6156616210938,226.56964111328125,15.955921173095703,13.749229431152344,12.837432861328125,71.38682556152344,8.007129669189453,17.199371337890625,22.648963928222656,18.53696060180664,14.331819534301758,10.317096710205078,13.663179397583008,Input/262350__stereo-surgeon__grinder-drum-loop.wav,1017856
129,0.027879834175109863,1031168,262350__stereo-surgeon__grinder-drum-loop.wav,,None_f129,0.0057532768696546555,-1019.8915405273438,136.05337524414062,7.534191131591797,6.158409118652344,11.70709228515625,82.20767211914062,49.543785095214844,37.22928237915039,33.512840270996094,23.549869537353516,11.164033889770508,11.420101165771484,14.881464004516602,Input/262350__stereo-surgeon__grinder-drum-loop.wav,1025536
130,0.0696597546339035,1037824,262350__stereo-surgeon__grinder-drum-loop.wav,,None_f130,0.007000436075031757,-814.012451171875,159.17633056640625,15.10260009765625,7.219182968139648,2.214282989501953,-25.089752197265625,34.434898376464844,28.409984588623047,20.076663970947266,29.642921447753906,30.456649780273438,19.030750274658203,16.189191818237305,Input/262350__stereo-surgeon__grinder-drum-loop.wav,1031168
131,0.02390432171523571,1044992,262350__stereo-surgeon__grinder-drum-loop.wav,,None_f131,0.014639300294220448,-862.5353393554688,210.1407470703125,19.354793548583984,17.242963790893555,4.426967620849609,61.357120513916016,23.30539321899414,2.1668472290039062,34.486183166503906,12.499080657958984,9.458715438842773,18.78378677368164,8.605634689331055,Input/262350__stereo-surgeon__grinder-drum-loop.wav,1037824
132,0.05681059882044792,1051648,262350__stereo-surgeon__grinder-drum-loop.wav,,None_f132,0.007505877874791622,-841.66357421875,158.32553100585938,12.914356231689453,7.91387939453125,-2.4581222534179688,-47.3068962097168,37.33195877075195,25.402881622314453,20.890769958496094,37.301307678222656,25.442346572875977,30.044261932373047,14.282197952270508,Input/262350__stereo-surgeon__grinder-drum-loop.wav,1044992
133,0.060001175850629807,1058304,262350__stereo-surgeon__grinder-drum-loop.wav,,None_f133,0.006892186123877764,-812.8609619140625,165.88235473632812,18.561328887939453,3.0573348999023438,4.42333984375,-51.96238327026367,43.99992752075195,24.985553741455078,18.827163696289062,33.294517517089844,25.70463752746582,21.485126495361328,15.297861099243164,Input/262350__stereo-surgeon__grinder-drum-loop.wav,1051648
134,0.03920154646039009,1072128,262350__stereo-surgeon__grinder-drum-loop.wav,,None_f134,0.008971440605819225,-925.0413818359375,169.92694091796875,10.90768051147461,-1.45635986328125,-0.4601287841796875,65.48672485351562,58.96665954589844,9.132339477539062,25.44031524658203,23.564929962158203,5.789161682128906,19.483234405517578,10.689958572387695,Input/262350__stereo-surgeon__grinder-drum-loop.wav,1058304
135,0.11707672476768494,1078784,262350__stereo-surgeon__grinder-drum-loop.wav,,None_f135,0.0068720122799277306,-774.56298828125,140.22164916992188,10.979934692382812,9.281036376953125,10.84408950805664,-7.093528747558594,25.702163696289062,19.555553436279297,13.871318817138672,20.06369400024414,18.691194534301758,10.680824279785156,14.25078010559082,Input/262350__stereo-surgeon__grinder-drum-loop.wav,1072128
136,0.03998330980539322,1085952,262350__stereo-surgeon__grinder-drum-loop.wav,,None_f136,0.014569144695997238,-829.4555053710938,190.7025146484375,17.2703857421875,7.9257659912109375,12.841686248779297,25.444000244140625,36.53374099731445,13.782447814941406,27.05178451538086,22.046863555908203,2.9371261596679688,7.429325103759766,24.149776458740234,Input/262350__stereo-surgeon__grinder-drum-loop.wav,1078784
137,0.09645021706819534,1092608,262350__stereo-surgeon__grinder-drum-loop.wav,,None_f137,0.007376891560852528,-783.0300903320312,135.17803955078125,22.41146469116211,-11.507583618164062,3.5585708618164062,-5.344169616699219,44.79547119140625,19.998828887939453,25.95136070251465,23.211963653564453,15.86268424987793,-0.4754676818847656,19.443218231201172,Input/262350__stereo-surgeon__grinder-drum-loop.wav,1085952
138,0.12468662858009338,1099264,262350__stereo-surgeon__grinder-drum-loop.wav,,None_f138,0.0074484143406152725,-725.9635620117188,132.724365234375,0.8504047393798828,4.916093826293945,-9.224477767944336,4.303806304931641,42.336360931396484,29.289413452148438,27.96908950805664,3.8087692260742188,4.631208419799805,11.376419067382812,-10.81198501586914,Input/262350__stereo-surgeon__grinder-drum-loop.wav,1092608
139,0.016958726570010185,1106944,262350__stereo-surgeon__grinder-drum-loop.wav,,None_f139,0.015034148469567299,-912.1697998046875,225.92453002929688,17.487201690673828,12.547569274902344,11.696311950683594,70.06809997558594,8.354076385498047,17.625076293945312,23.465576171875,19.977344512939453,13.394491195678711,8.751827239990234,14.925249099731445,Input/262350__stereo-surgeon__grinder-drum-loop.wav,1099264
140,0.012072748504579067,1112576,262350__stereo-surgeon__grinder-drum-loop.wav,,None_f140,0.0053526852279901505,-1055.416015625,111.54523468017578,8.893070220947266,8.748489379882812,8.919990539550781,95.6544189453125,73.95133972167969,51.6354866027832,33.01141357421875,20.24484634399414,13.191240310668945,10.181453704833984,9.212678909301758,Input/262350__stereo-surgeon__grinder-drum-loop.wav,1106944
141,0.07142139226198196,1119232,262350__stereo-surgeon__grinder-drum-loop.wav,,None_f141,0.007087120786309242,-805.646240234375,156.70986938476562,12.728569030761719,2.646869659423828,2.8343162536621094,-32.644737243652344,36.73863983154297,27.843914031982422,26.926280975341797,26.69586181640625,24.679767608642578,21.619041442871094,16.531835556030273,Input/262350__stereo-surgeon__grinder-drum-loop.wav,1112576
142,0.032345354557037354,1126400,262350__stereo-surgeon__grinder-drum-loop.wav,,None_f142,0.014469102025032043,-828.0932006835938,192.48501586914062,25.161632537841797,5.985908508300781,0.0097198486328125,34.7404670715332,42.39259338378906,8.203048706054688,24.47332191467285,18.694610595703125,5.34442138671875,14.999763488769531,17.870576858520508,Input/262350__stereo-surgeon__grinder-drum-loop.wav,1119232
143,0.0560271292924881,1133056,262350__stereo-surgeon__grinder-drum-loop.wav,,None_f143,0.007178225554525852,-856.4414672851562,152.62454223632812,15.171321868896484,6.269462585449219,3.1433792114257812,-39.73038864135742,41.925174713134766,29.40903091430664,18.253616333007812,36.089027404785156,27.036226272583008,21.660991668701172,13.627786636352539,Input/262350__stereo-surgeon__grinder-drum-loop.wav,1126400
144,0.058139167726039886,1139712,262350__stereo-surgeon__grinder-drum-loop.wav,,None_f144,0.007074438501149416,-810.9862060546875,167.70849609375,22.115337371826172,1.1649932861328125,-3.1192703247070312,-51.84054183959961,39.12202835083008,19.734512329101562,21.720077514648438,38.67412567138672,25.126352310180664,23.229778289794922,23.88365364074707,Input/262350__stereo-surgeon__grinder-drum-loop.wav,1133056
145,0.030340412631630898,1153536,262350__stereo-surgeon__grinder-drum-loop.wav,,None_f145,0.008963288739323616,-960.2529907226562,190.43319702148438,9.19564437866211,5.48834228515625,5.4559783935546875,84.87451171875,34.92146682739258,25.660770416259766,17.497695922851562,14.92984390258789,16.45542335510254,12.445392608642578,9.855188369750977,Input/262350__stereo-surgeon__grinder-drum-loop.wav,1139712
146,0.10293106734752655,1160192,262350__stereo-surgeon__grinder-drum-loop.wav,,None_f146,0.0070078191347420216,-781.817626953125,142.99378967285156,15.664012908935547,7.653179168701172,9.62954330444336,-15.647933959960938,26.11914825439453,20.300296783447266,22.24627113342285,24.03356170654297,20.858257293701172,10.697914123535156,16.14429473876953,Input/262350__stereo-surgeon__grinder-drum-loop.wav,1153536
147,0.047245126217603683,1166848,262350__stereo-surgeon__grinder-drum-loop.wav,,None_f147,0.014246730133891106,-846.1500854492188,189.23841857910156,14.310352325439453,16.60599136352539,11.917469024658203,51.615360260009766,29.269290924072266,15.653942108154297,18.584352493286133,16.434463500976562,16.376094818115234,11.715385437011719,15.058469772338867,Input/262350__stereo-surgeon__grinder-drum-loop.wav,1160192
148,0.07707922160625458,1174016,262350__stereo-surgeon__grinder-drum-loop.wav,,None_f148,0.007874459028244019,-797.8959350585938,148.95849609375,7.976078033447266,1.1463966369628906,5.208274841308594,-35.061214447021484,40.74922561645508,15.162872314453125,26.208839416503906,38.028079986572266,21.727680206298828,14.188228607177734,16.3228702545166,Input/262350__stereo-surgeon__grinder-drum-loop.wav,1166848
149,0.12884585559368134,1180672,262350__stereo-surgeon__grinder-drum-loop.wav,,None_f149,0.007521175779402256,-727.9588012695312,130.2706298828125,0.8540782928466797,5.260807037353516,-7.705608367919922,7.622001647949219,41.786460876464844,29.00421905517578,26.863149642944336,3.15875244140625,4.769872665405273,10.523857116699219,-11.718500137329102,Input/262350__stereo-surgeon__grinder-drum-loop.wav,1174016
150,0.02862386219203472,1187840,262350__stereo-surgeon__grinder-drum-loop.wav,,None_f150,0.0145726278424263,-890.7445678710938,214.0401611328125,13.405071258544922,16.1661376953125,11.775741577148438,61.052494049072266,20.01171875,15.47052001953125,19.545364379882812,19.142074584960938,15.482894897460938,9.23043441772461,15.431581497192383,Input/262350__stereo-surgeon__grinder-drum-loop.wav,1180672
151,0.021937867626547813,1193984,262350__stereo-surgeon__grinder-drum-loop.wav,,None_f151,0.006711869966238737,-1035.2420654296875,129.8111572265625,10.132259368896484,9.101615905761719,8.643829345703125,93.0213623046875,58.46220397949219,39.29439163208008,31.789199829101562,26.278236389160156,19.30674171447754,13.63100814819336,11.106302261352539,Input/262350__stereo-surgeon__grinder-drum-loop.wav,1187840
152,0.06815376877784729,1200640,262350__stereo-surgeon__grinder-drum-loop.wav,,None_f152,0.0070137763395905495,-812.853515625,162.3919677734375,17.442054748535156,6.551355361938477,3.190135955810547,-29.57913589477539,29.9288330078125,23.626571655273438,21.799724578857422,30.206398010253906,27.067365646362305,18.66905975341797,21.12226104736328,Input/262350__stereo-surgeon__grinder-drum-loop.wav,1193984
153,0.0317055769264698,1207808,262350__stereo-surgeon__grinder-drum-loop.wav,,None_f153,0.014592597261071205,-828.505859375,192.07015991210938,25.663936614990234,15.716564178466797,0.09572219848632812,41.58732986450195,37.46047592163086,7.834434509277344,26.467185974121094,9.9713134765625,19.869701385498047,10.386661529541016,8.673782348632812,Input/262350__stereo-surgeon__grinder-drum-loop.wav,1200640
154,0.052502524107694626,1214464,262350__stereo-surgeon__grinder-drum-loop.wav,,None_f154,0.007497819140553474,-857.3887939453125,154.82196044921875,10.50997543334961,10.410957336425781,5.513587951660156,-40.03713607788086,40.56428909301758,31.35239028930664,18.712425231933594,34.891395568847656,27.004915237426758,29.776996612548828,14.500955581665039,Input/262350__stereo-surgeon__grinder-drum-loop.wav,1207808
155,0.07035765796899796,1221120,262350__stereo-surgeon__grinder-drum-loop.wav,,None_f155,0.0069208405911922455,-806.602783203125,165.63641357421875,21.590389251708984,12.240341186523438,6.229209899902344,-56.27189254760742,39.67435073852539,21.088668823242188,20.49451446533203,37.941627502441406,31.74198341369629,19.931743621826172,10.750337600708008,Input/262350__stereo-surgeon__grinder-drum-loop.wav,1214464
156,0.03187037259340286,1234944,262350__stereo-surgeon__grinder-drum-loop.wav,,None_f156,0.009717724286019802,-955.3743286132812,192.51797485351562,10.19284439086914,8.855522155761719,5.885040283203125,83.166748046875,34.90886306762695,25.807559967041016,19.658111572265625,18.432254791259766,16.622217178344727,11.48104476928711,9.644289016723633,Input/262350__stereo-surgeon__grinder-drum-loop.wav,1221120
157,0.1260627657175064,1241600,262350__stereo-surgeon__grinder-drum-loop.wav,,None_f157,0.00735108507797122,-783.24951171875,129.14698791503906,2.6913414001464844,17.99609375,0.4065132141113281,-16.64577865600586,25.31991195678711,33.712158203125,21.010921478271484,25.41843032836914,28.36631965637207,4.77703857421875,28.944364547729492,Input/262350__stereo-surgeon__grinder-drum-loop.wav,1234944
158,0.1563858538866043,1249280,262350__stereo-surgeon__grinder-drum-loop.wav,,None_f158,0.016508975997567177,-648.40869140625,108.92657470703125,19.872955322265625,8.081768035888672,6.343669891357422,-24.705474853515625,29.593547821044922,18.481050491333008,20.603757858276367,27.804777145385742,18.055200576782227,11.358577728271484,17.11982536315918,Input/262350__stereo-surgeon__grinder-drum-loop.wav,1241600
159,0.12205727398395538,1255424,262350__stereo-surgeon__grinder-drum-loop.wav,,None_f159,0.006416263524442911,-747.9959716796875,124.08303833007812,8.029411315917969,5.936807632446289,2.906291961669922,1.0131340026855469,52.160980224609375,7.032157897949219,26.71289825439453,30.487728118896484,11.835372924804688,2.197673797607422,3.6497440338134766,Input/262350__stereo-surgeon__grinder-drum-loop.wav,1249280
160,0.136221781373024,1262080,262350__stereo-surgeon__grinder-drum-loop.wav,,None_f160,0.007497423328459263,-785.1146240234375,115.39494323730469,33.79759216308594,-4.17283821105957,-2.351268768310547,-10.70068359375,22.040081024169922,24.452991485595703,37.956642150878906,27.221820831298828,24.89847755432129,14.226009368896484,14.482057571411133,Input/262350__stereo-surgeon__grinder-drum-loop.wav,1255424
161,0.147136390209198,1275392,262350__stereo-surgeon__grinder-drum-loop.wav,,None_f161,0.0004306327900849283,-1034.9403076171875,61.06372833251953,21.810420989990234,10.38970947265625,8.244575500488281,-46.93362045288086,-37.81073760986328,-3.92010498046875,-3.8601303100585938,7.755344390869141,20.860254287719727,17.673587799072266,20.800142288208008,Input/262350__stereo-surgeon__grinder-drum-loop.wav,1262080
162,0.19026243686676025,1289216,262350__stereo-surgeon__grinder-drum-loop.wav,,None_f162,0.0005600698641501367,-970.6551513671875,48.18561935424805,21.27840805053711,-3.004314422607422,-13.566732406616211,-72.5001449584961,-22.227222442626953,-28.631378173828125,1.6608123779296875,-1.2431526184082031,1.6524581909179688,5.706638336181641,-1.6880645751953125,Input/262350__stereo-surgeon__grinder-drum-loop.wav,1275392
163,0.121387779712677,1295872,262350__stereo-surgeon__grinder-drum-loop.wav,,None_f163,0.0008770481217652559,-898.7611694335938,75.85746002197266,3.116497039794922,3.7945556640625,1.1729278564453125,-120.77589416503906,-23.790294647216797,-28.716472625732422,-28.727474212646484,-4.127025604248047,-2.4440765380859375,8.60599136352539,2.2930450439453125,Input/262350__stereo-surgeon__grinder-drum-loop.wav,1289216
164,0.10506124049425125,1302647,262350__stereo-surgeon__grinder-drum-loop.wav,,None_f164,0.0012169944820925593,-865.7947998046875,71.54051971435547,11.82004165649414,5.607398986816406,4.260772705078125,-155.69912719726562,-41.604896545410156,-48.21467590332031,-36.99380111694336,-3.615795135498047,-4.536979675292969,-5.005393981933594,-3.1586074829101562,Input/262350__stereo-surgeon__grinder-drum-loop.wav,1295872
